{
  "properties": {
    "connectionReferences": {
      "shared_office365": {
        "runtimeSource": "embedded",
        "connection": {
          "connectionReferenceLogicalName": "new_sharedoffice365_f284a"
        },
        "api": {
          "name": "shared_office365"
        }
      },
      "shared_onedriveforbusiness": {
        "runtimeSource": "embedded",
        "connection": {
          "connectionReferenceLogicalName": "new_sharedonedriveforbusiness_69011"
        },
        "api": {
          "name": "shared_onedriveforbusiness"
        }
      }
    },
    "definition": {
      "$schema": "https://schema.management.azure.com/providers/Microsoft.Logic/schemas/2016-06-01/workflowdefinition.json#",
      "contentVersion": "1.0.0.0",
      "parameters": {
        "$connections": {
          "defaultValue": {},
          "type": "Object"
        },
        "$authentication": {
          "defaultValue": {},
          "type": "SecureObject"
        }
      },
      "triggers": {
        "When_a_new_email_arrives_(V3)": {
          "splitOn": "@triggerOutputs()?['body/value']",
          "metadata": {
            "operationMetadataId": "d333d058-3234-46bb-8e26-59261b196230"
          },
          "type": "OpenApiConnectionNotification",
          "inputs": {
            "host": {
              "connectionName": "shared_office365",
              "operationId": "OnNewEmailV3",
              "apiId": "/providers/Microsoft.PowerApps/apis/shared_office365"
            },
            "parameters": {
              "folderPath": "Inbox",
              "includeAttachments": false,
              "importance": "Any",
              "fetchOnlyWithAttachment": false
            },
            "authentication": "@parameters('$authentication')"
          }
        }
      },
      "actions": {
        "Condition": {
          "actions": {
            "Apply_to_each": {
              "foreach": "@triggerOutputs()?['body/attachments']",
              "actions": {
                "Get_Attachment_(V2)": {
                  "runAfter": {},
                  "metadata": {
                    "operationMetadataId": "9871915a-27e8-4e1e-b22b-a65132bc7c20"
                  },
                  "type": "OpenApiConnection",
                  "inputs": {
                    "host": {
                      "connectionName": "shared_office365",
                      "operationId": "GetAttachment_V2",
                      "apiId": "/providers/Microsoft.PowerApps/apis/shared_office365"
                    },
                    "parameters": {
                      "messageId": "@triggerOutputs()?['body/id']",
                      "attachmentId": "@items('Apply_to_each')?['id']"
                    },
                    "authentication": "@parameters('$authentication')"
                  }
                },
                "Create_file": {
                  "runAfter": {
                    "Get_Attachment_(V2)": [
                      "Succeeded"
                    ]
                  },
                  "metadata": {
                    "operationMetadataId": "29dff013-43e2-49e3-9384-9857d3a7c2b7"
                  },
                  "type": "OpenApiConnection",
                  "inputs": {
                    "host": {
                      "connectionName": "shared_onedriveforbusiness",
                      "operationId": "CreateFile",
                      "apiId": "/providers/Microsoft.PowerApps/apis/shared_onedriveforbusiness"
                    },
                    "parameters": {
                      "folderPath": "/Documents/Clinical Reports",
                      "name": "@outputs('Get_Attachment_(V2)')?['body/name']",
                      "body": "@items('Apply_to_each')?['contentBytes']"
                    },
                    "authentication": "@parameters('$authentication')"
                  },
                  "runtimeConfiguration": {
                    "contentTransfer": {
                      "transferMode": "Chunked"
                    }
                  }
                },
                "Send_an_email_(V2)": {
                  "runAfter": {
                    "Create_file": [
                      "Succeeded"
                    ]
                  },
                  "metadata": {
                    "operationMetadataId": "06a78dfd-d48f-4135-b38c-1fd794810bf0"
                  },
                  "type": "OpenApiConnection",
                  "inputs": {
                    "host": {
                      "connectionName": "shared_office365",
                      "operationId": "SendEmailV2",
                      "apiId": "/providers/Microsoft.PowerApps/apis/shared_office365"
                    },
                    "parameters": {
                      "emailMessage/To": "@triggerOutputs()?['body/from']",
                      "emailMessage/Subject": "@triggerOutputs()?['body/subject']",
                      "emailMessage/Body": "<p>Hi,<br>\n<br>\nThe Data file received for processing.<br>\n<br>\nThank you<br>\nAzeem</p>",
                      "emailMessage/Attachments": [
                        {
                          "Name": "@outputs('Create_file')?['body/Name']",
                          "ContentBytes": "@items('Apply_to_each')"
                        }
                      ],
                      "emailMessage/Importance": "Normal"
                    },
                    "authentication": "@parameters('$authentication')"
                  }
                }
              },
              "runAfter": {},
              "metadata": {
                "operationMetadataId": "cf523c3a-64cb-4f60-b740-0ab714fbe1bd"
              },
              "type": "Foreach"
            }
          },
          "runAfter": {},
          "else": {
            "actions": {
              "Send_an_email_(V2)_2": {
                "runAfter": {},
                "metadata": {
                  "operationMetadataId": "fd47714d-6ac0-48f4-bd8f-4970d1971c84"
                },
                "type": "OpenApiConnection",
                "inputs": {
                  "host": {
                    "connectionName": "shared_office365",
                    "operationId": "SendEmailV2",
                    "apiId": "/providers/Microsoft.PowerApps/apis/shared_office365"
                  },
                  "parameters": {
                    "emailMessage/To": "@triggerOutputs()?['body/from']",
                    "emailMessage/Subject": "@triggerOutputs()?['body/subject']",
                    "emailMessage/Body": "<p>Hi,<br>\n<br>\nThe email received doesnt have an attachment, please attach the data file and resend this email.<br>\n<br>\nThanks</p>",
                    "emailMessage/Importance": "Normal"
                  },
                  "authentication": "@parameters('$authentication')"
                }
              }
            }
          },
          "expression": {
            "and": [
              {
                "equals": [
                  "@triggerOutputs()?['body/hasAttachments']",
                  "@true"
                ]
              },
              {
                "equals": [
                  "@triggerOutputs()?['body/subject']",
                  "Input Data"
                ]
              }
            ]
          },
          "metadata": {
            "operationMetadataId": "e71f3098-c85b-4cb0-8fcf-2a549b9ad6f3"
          },
          "type": "If"
        }
      }
    },
    "templateName": null
  },
  "schemaVersion": "1.0.0.0"
}